user_id,user_name
1,SunnyExplorer
2,HappyReader
3,SunnyAdmirer
4,CleverArtist
5,WildAdmirer
6,KindDreamer
7,GentleAdmirer
8,BraveAdmirer
9,AdventurousDreamer
10,GentleFoodie
11,BraveDreamer
12,LuckyArtist
13,WildTraveler
14,SunnyAdmirer
15,GentleExplorer
16,HappyLover
17,BraveDreamer
18,SunnyFoodie
19,AdventurousWanderer
20,SunnyWanderer
21,BraveTraveler
22,GentleTraveler
23,LuckyFoodie
24,GentleSeeker
25,AdventurousAdmirer
26,HappyAdmirer
27,KindArtist
28,WildArtist
29,CleverFoodie
30,SunnyAdmirer
31,BraveSeeker
32,WildSeeker
33,KindDreamer
34,GentleArtist
35,WildSeeker
36,LuckyExplorer
37,HappyDreamer
38,WildSeeker
39,SunnyDreamer
40,LuckyAdmirer
41,CreativeWanderer
42,HappyArtist
43,KindAdmirer
44,HappyArtist
45,GentleTraveler
46,HappyArtist
47,AdventurousAdmirer
48,GentleFoodie
49,KindReader
50,GentleDreamer
